date,home,away,tournament,pick,actual,pH,pD,pA,brier
2018-06-15,EGY,URU,FIFA World Cup,A,A,0.1058,0.1982,0.6960,0.1429
2018-06-15,MAR,IRN,FIFA World Cup,H,A,0.5879,0.2438,0.1683,1.0968
2018-06-15,POR,ESP,FIFA World Cup,A,D,0.2692,0.2807,0.4501,0.7924
2018-06-16,FRA,AUS,FIFA World Cup,H,H,0.7840,0.1516,0.0644,0.0738
2018-06-17,GER,MEX,FIFA World Cup,H,A,0.6304,0.2275,0.1421,1.1851
2018-06-17,BRA,SUI,FIFA World Cup,H,D,0.7457,0.1729,0.0814,1.2468
2018-06-18,SWE,KOR,FIFA World Cup,A,H,0.1589,0.2383,0.6028,1.1277
2018-06-18,BEL,PAN,FIFA World Cup,H,H,0.7377,0.1771,0.0852,0.1075
2018-06-18,TUN,ENG,FIFA World Cup,A,A,0.0384,0.1107,0.8509,0.0360
2018-06-19,COL,JPN,FIFA World Cup,H,A,0.4464,0.2813,0.2723,0.8080
2018-06-20,POR,MAR,FIFA World Cup,H,H,0.6172,0.2328,0.1500,0.2232
2018-06-20,URU,KSA,FIFA World Cup,H,H,0.8945,0.0815,0.0240,0.0183
2018-06-20,IRN,ESP,FIFA World Cup,A,A,0.0721,0.1616,0.7663,0.0859
2018-06-21,ARG,CRO,FIFA World Cup,H,A,0.7130,0.1898,0.0972,1.3595
2018-06-23,BEL,TUN,FIFA World Cup,H,H,0.8036,0.1401,0.0563,0.0614
2018-06-23,KOR,MEX,FIFA World Cup,A,A,0.1647,0.2418,0.5935,0.2508
2018-06-23,GER,SWE,FIFA World Cup,H,H,0.7884,0.1491,0.0626,0.0709
2018-06-24,ENG,PAN,FIFA World Cup,H,H,0.8776,0.0931,0.0293,0.0245
2018-06-24,JPN,SEN,FIFA World Cup,H,D,0.5395,0.2597,0.2008,0.8794
2018-06-25,KSA,EGY,FIFA World Cup,A,H,0.1714,0.2455,0.5831,1.0868
2018-06-25,ESP,MAR,FIFA World Cup,H,D,0.7458,0.1728,0.0814,1.2471
2018-06-25,IRN,POR,FIFA World Cup,A,D,0.0805,0.1718,0.7477,1.2515
2018-06-27,KOR,GER,FIFA World Cup,A,H,0.0755,0.1659,0.7586,1.4576
2018-06-27,MEX,SWE,FIFA World Cup,H,A,0.7383,0.1768,0.0849,1.4138
2018-06-28,SEN,COL,FIFA World Cup,A,A,0.2384,0.2731,0.4885,0.3931
2018-06-28,PAN,TUN,FIFA World Cup,A,A,0.3524,0.2890,0.3586,0.6191
2018-06-28,ENG,BEL,FIFA World Cup,H,A,0.4511,0.2805,0.2684,0.8175
2018-06-30,FRA,ARG,FIFA World Cup,H,H,0.3754,0.2886,0.3359,0.5863
2018-06-30,URU,POR,FIFA World Cup,A,H,0.2815,0.2830,0.4355,0.7860
2018-07-02,BRA,MEX,FIFA World Cup,H,H,0.7809,0.1534,0.0657,0.0758
2018-07-02,BEL,JPN,FIFA World Cup,H,H,0.6295,0.2279,0.1427,0.2096
2018-07-03,SWE,SUI,FIFA World Cup,A,H,0.1939,0.2567,0.5494,1.0175
2018-07-03,COL,ENG,FIFA World Cup,A,D,0.1775,0.2488,0.5737,0.9249
2018-07-06,URU,FRA,FIFA World Cup,A,A,0.1880,0.2540,0.5580,0.2952
2018-07-06,BRA,BEL,FIFA World Cup,H,A,0.4284,0.2840,0.2876,0.7716
2018-07-07,SWE,ENG,FIFA World Cup,A,A,0.1090,0.2011,0.6899,0.1485
2018-07-10,FRA,BEL,FIFA World Cup,H,H,0.4511,0.2805,0.2684,0.4520
2018-07-11,CRO,ENG,FIFA World Cup,A,H,0.3531,0.2890,0.3579,0.6302
2018-07-14,BEL,ENG,FIFA World Cup,H,H,0.4630,0.2784,0.2586,0.4327
2018-07-15,FRA,CRO,FIFA World Cup,H,H,0.5475,0.2573,0.1952,0.3090
2018-09-06,GER,FRA,UEFA Nations League,A,D,0.0521,0.1207,0.8272,1.4601
2018-09-08,ENG,ESP,UEFA Nations League,A,A,0.2903,0.2643,0.4454,0.4618
2018-09-09,FRA,NED,UEFA Nations League,H,H,0.7945,0.1393,0.0661,0.0660
2018-09-10,SWE,TUR,UEFA Nations League,H,A,0.4963,0.2555,0.2482,0.8767
2018-09-11,ESP,CRO,UEFA Nations League,H,H,0.5395,0.2452,0.2153,0.3185
2018-09-11,BIH,AUT,UEFA Nations League,A,H,0.1791,0.2297,0.5912,1.0761
2018-10-12,BEL,SUI,UEFA Nations League,H,H,0.8671,0.0964,0.0365,0.0283
2018-10-12,CRO,ENG,UEFA Nations League,H,D,0.5574,0.2402,0.2024,0.9289
2018-10-13,NED,GER,UEFA Nations League,H,H,0.5675,0.2372,0.1953,0.2814
2018-10-15,ESP,ENG,UEFA Nations League,H,A,0.7639,0.1558,0.0803,1.4536
2018-10-16,FRA,GER,UEFA Nations League,H,H,0.9234,0.0589,0.0177,0.0096
2018-11-15,CRO,ESP,UEFA Nations League,A,H,0.2794,0.2625,0.4581,0.7980
2018-11-15,AUT,BIH,UEFA Nations League,H,D,0.6118,0.2226,0.1655,1.0060
2018-11-16,NED,FRA,UEFA Nations League,A,H,0.1427,0.2088,0.6485,1.1992
2018-11-17,TUR,SWE,UEFA Nations League,H,A,0.5491,0.2426,0.2084,0.9870
2018-11-18,SUI,BEL,UEFA Nations League,A,H,0.0739,0.1486,0.7775,1.4842
2018-11-18,ENG,CRO,UEFA Nations League,H,H,0.4189,0.2674,0.3138,0.5077
2018-11-19,GER,NED,UEFA Nations League,A,D,0.1443,0.2099,0.6458,1.0622
2019-01-06,AUS,JOR,AFC Asian Cup,H,A,0.5180,0.2658,0.2162,0.9533
2019-01-16,IRN,IRQ,AFC Asian Cup,H,D,0.6686,0.2110,0.1204,1.0840
2019-01-17,KSA,QAT,AFC Asian Cup,A,A,0.2682,0.2805,0.4513,0.4516
2019-01-17,JPN,UZB,AFC Asian Cup,H,H,0.6787,0.2064,0.1149,0.1591
2019-01-21,AUS,UZB,AFC Asian Cup,H,D,0.5381,0.2601,0.2018,0.8777
2019-01-21,JPN,KSA,AFC Asian Cup,H,H,0.8190,0.1308,0.0502,0.0524
2019-01-22,QAT,IRQ,AFC Asian Cup,H,H,0.5023,0.2698,0.2279,0.3724
2019-01-25,KOR,QAT,AFC Asian Cup,H,A,0.4439,0.2817,0.2744,0.8029
2019-01-28,IRN,JPN,AFC Asian Cup,A,A,0.2216,0.2677,0.5106,0.3603
2019-02-01,JPN,QAT,AFC Asian Cup,H,A,0.5956,0.2410,0.1634,1.1128
2019-03-22,ENG,CZE,UEFA Euro qualification,H,H,0.9450,0.0435,0.0116,0.0051
2019-03-23,ESP,NOR,UEFA Euro qualification,H,H,0.8535,0.1048,0.0416,0.0342
2019-03-24,NED,GER,UEFA Euro qualification,H,A,0.7624,0.1566,0.0810,1.4503
2019-03-26,NOR,SWE,UEFA Euro qualification,H,D,0.4245,0.2668,0.3087,0.8131
2019-06-05,POR,SUI,UEFA Nations League,H,H,0.5479,0.2429,0.2092,0.3072
2019-06-06,ENG,NED,UEFA Nations League,H,A,0.3845,0.2882,0.3273,0.6835
2019-06-08,TUR,FRA,UEFA Euro qualification,A,H,0.0218,0.0680,0.9102,1.7901
2019-06-09,SUI,ENG,UEFA Nations League,A,D,0.2212,0.2676,0.5113,0.8468
2019-06-09,POR,NED,UEFA Nations League,A,H,0.3348,0.2690,0.3962,0.6718
2019-06-10,ESP,SWE,UEFA Euro qualification,H,H,0.8520,0.1058,0.0422,0.0349
2019-06-11,BEL,SCO,UEFA Euro qualification,H,H,0.8943,0.0787,0.0270,0.0181
2019-06-19,MEX,CAN,Gold Cup,H,H,0.4136,0.2858,0.3006,0.5159
2019-06-26,USA,PAN,Gold Cup,H,H,0.8037,0.1342,0.0621,0.0604
2019-06-29,HAI,CAN,Gold Cup,A,H,0.0618,0.1481,0.7901,1.5263
2019-06-30,USA,CUW,Gold Cup,H,H,0.9631,0.0299,0.0070,0.0023
2019-07-02,HAI,MEX,Gold Cup,A,A,0.0306,0.0957,0.8737,0.0261
2019-07-07,USA,MEX,Gold Cup,H,A,0.4744,0.2598,0.2659,0.8314
2019-09-06,GER,NED,UEFA Euro qualification,A,A,0.2746,0.2616,0.4638,0.4313
2019-09-07,CUW,HAI,CONCACAF Nations League,H,H,0.3869,0.2695,0.3436,0.5666
2019-09-08,SWE,NOR,UEFA Euro qualification,H,D,0.4633,0.2616,0.2750,0.8355
2019-09-09,SCO,BEL,UEFA Euro qualification,A,A,0.0527,0.1215,0.8259,0.0479
2019-09-10,HAI,CUW,CONCACAF Nations League,H,D,0.4042,0.2685,0.3272,0.8055
2019-10-11,CZE,ENG,UEFA Euro qualification,A,H,0.0504,0.1183,0.8313,1.6067
2019-10-12,NOR,ESP,UEFA Euro qualification,A,D,0.0728,0.1473,0.7799,1.3406
2019-10-14,FRA,TUR,UEFA Euro qualification,H,D,0.8344,0.1164,0.0492,1.4794
2019-10-15,SWE,ESP,UEFA Euro qualification,A,D,0.0766,0.1517,0.7717,1.3211
2019-10-15,CAN,USA,CONCACAF Nations League,A,H,0.1892,0.2345,0.5763,1.0444
2019-10-15,MEX,PAN,CONCACAF Nations League,H,H,0.8642,0.0982,0.0376,0.0295
2019-11-14,JOR,AUS,FIFA World Cup qualification,H,A,0.4326,0.2659,0.3015,0.7458
2019-11-14,IRQ,IRN,FIFA World Cup qualification,A,H,0.1679,0.2436,0.5885,1.0980
2019-11-14,UZB,KSA,FIFA World Cup qualification,H,A,0.5948,0.2285,0.1767,1.0838
2019-11-15,USA,CAN,CONCACAF Nations League,H,H,0.5321,0.2471,0.2208,0.3288
2019-11-15,PAN,MEX,CONCACAF Nations League,A,A,0.0703,0.1444,0.7854,0.0718
2020-09-03,GER,ESP,UEFA Nations League,A,D,0.2013,0.2398,0.5589,0.9308
2020-09-04,NOR,AUT,UEFA Nations League,H,A,0.5199,0.2502,0.2299,0.9260
2020-09-05,POR,CRO,UEFA Nations League,H,H,0.5278,0.2482,0.2239,0.3347
2020-09-05,SWE,FRA,UEFA Nations League,A,A,0.0871,0.1630,0.7500,0.0967
2020-09-06,SUI,GER,UEFA Nations League,H,D,0.4519,0.2634,0.2847,0.8278
2020-09-07,CZE,SCO,UEFA Nations League,H,A,0.4426,0.2647,0.2927,0.7662
2020-09-08,FRA,CRO,UEFA Nations League,H,H,0.6597,0.2043,0.1360,0.1760
2020-09-08,SWE,POR,UEFA Nations League,A,A,0.0628,0.1351,0.8022,0.0613
2020-10-08,ARG,ECU,FIFA World Cup qualification,H,H,0.8395,0.1134,0.0471,0.0408
2020-10-10,ESP,SUI,UEFA Nations League,H,H,0.7058,0.1843,0.1099,0.1326
2020-10-11,BIH,NED,UEFA Nations League,A,D,0.0229,0.0705,0.9066,1.6864
2020-10-11,ENG,BEL,UEFA Nations League,A,H,0.1961,0.2376,0.5663,1.0233
2020-10-11,CRO,SWE,UEFA Nations League,H,H,0.7657,0.1549,0.0795,0.0852
2020-10-11,FRA,POR,UEFA Nations League,H,D,0.4421,0.2647,0.2932,0.8220
2020-10-13,GER,SUI,UEFA Nations League,H,D,0.4914,0.2565,0.2521,0.8578
2020-10-13,ECU,URU,FIFA World Cup qualification,A,H,0.1742,0.2272,0.5986,1.0919
2020-10-14,POR,SWE,UEFA Nations League,H,H,0.9514,0.0387,0.0099,0.0040
2020-10-14,CRO,FRA,UEFA Nations League,A,A,0.2093,0.2429,0.5477,0.3074
2020-10-14,SCO,CZE,UEFA Nations League,H,H,0.5942,0.2287,0.1771,0.2483
2020-11-12,ARG,PAR,FIFA World Cup qualification,H,D,0.9047,0.0718,0.0235,1.6807
2020-11-13,COL,URU,FIFA World Cup qualification,H,A,0.4346,0.2657,0.2997,0.7498
2020-11-14,POR,FRA,UEFA Nations League,H,A,0.4367,0.2654,0.2979,0.7541
2020-11-14,SWE,CRO,UEFA Nations League,A,H,0.1570,0.2178,0.6253,1.1491
2020-11-14,SUI,ESP,UEFA Nations League,A,D,0.1857,0.2329,0.5814,0.9610
2020-11-15,NED,BIH,UEFA Nations League,H,H,0.9399,0.0471,0.0129,0.0060
2020-11-15,BEL,ENG,UEFA Nations League,H,H,0.5914,0.2297,0.1790,0.2517
2020-11-17,CRO,POR,UEFA Nations League,A,A,0.1450,0.2104,0.6447,0.1915
2020-11-17,FRA,SWE,UEFA Nations League,H,H,0.9620,0.0308,0.0072,0.0024
2020-11-17,ESP,GER,UEFA Nations League,H,H,0.7159,0.1796,0.1045,0.1239
2020-11-17,ECU,COL,FIFA World Cup qualification,H,H,0.4752,0.2596,0.2652,0.4131
2020-11-17,URU,BRA,FIFA World Cup qualification,A,A,0.2958,0.2651,0.4390,0.4725
2020-11-18,AUT,NOR,UEFA Nations League,H,D,0.5289,0.2479,0.2231,0.8952
2021-03-24,TUR,NED,FIFA World Cup qualification,A,H,0.1306,0.2005,0.6690,1.2436
2021-03-25,SCO,AUT,FIFA World Cup qualification,H,D,0.3931,0.2692,0.3377,0.8026
2021-03-27,CZE,BEL,FIFA World Cup qualification,A,D,0.0152,0.0530,0.9318,1.7653
2021-03-27,NOR,TUR,FIFA World Cup qualification,A,A,0.1446,0.2292,0.6262,0.2131
2021-03-31,BIH,FRA,FIFA World Cup qualification,A,A,0.0103,0.0401,0.9496,0.0043
2021-06-03,URU,PAR,FIFA World Cup qualification,H,D,0.7185,0.1784,0.1031,1.2020
2021-06-04,BRA,ECU,FIFA World Cup qualification,H,H,0.8183,0.1259,0.0558,0.0520
2021-06-06,USA,MEX,CONCACAF Nations League,A,H,0.2243,0.2483,0.5274,0.9415
2021-06-08,COL,ARG,FIFA World Cup qualification,A,D,0.1070,0.1818,0.7111,1.1866
2021-06-08,PAR,BRA,FIFA World Cup qualification,A,A,0.0419,0.1053,0.8528,0.0345
2021-06-12,HAI,CAN,FIFA World Cup qualification,A,A,0.1191,0.1918,0.6891,0.1477
2021-06-12,PAN,CUW,FIFA World Cup qualification,H,H,0.6058,0.2248,0.1694,0.2346
2021-06-13,ENG,CRO,UEFA Euro,H,H,0.6031,0.2257,0.1712,0.2378
2021-06-14,SCO,CZE,UEFA Euro,H,A,0.6039,0.2254,0.1707,1.1032
2021-06-14,ESP,SWE,UEFA Euro,H,D,0.9141,0.0654,0.0205,1.7095
2021-06-15,AUS,JOR,FIFA World Cup qualification,H,H,0.5045,0.2693,0.2262,0.3692
2021-06-15,IRN,IRQ,FIFA World Cup qualification,H,H,0.5307,0.2475,0.2218,0.3306
2021-06-15,KSA,UZB,FIFA World Cup qualification,H,H,0.4644,0.2615,0.2742,0.4304
2021-06-15,CAN,HAI,FIFA World Cup qualification,H,H,0.7966,0.1443,0.0591,0.0657
2021-06-15,CUW,PAN,FIFA World Cup qualification,A,D,0.2385,0.2528,0.5088,0.8740
2021-06-15,GER,FRA,UEFA Euro,A,A,0.0570,0.1275,0.8155,0.0536
2021-06-17,NED,AUT,UEFA Euro,H,H,0.8105,0.1304,0.0592,0.0564
2021-06-18,CRO,CZE,UEFA Euro,H,D,0.5124,0.2673,0.2203,0.8480
2021-06-18,ENG,SCO,UEFA Euro,H,D,0.8728,0.0927,0.0345,1.5861
2021-06-19,GER,POR,UEFA Euro,A,H,0.0975,0.1732,0.7293,1.3764
2021-06-20,SUI,TUR,UEFA Euro,A,H,0.2527,0.2770,0.4703,0.8564
2021-06-22,SCO,CRO,UEFA Euro,A,A,0.2494,0.2558,0.4947,0.3829
2021-06-22,ENG,CZE,UEFA Euro,H,H,0.7593,0.1582,0.0825,0.0897
2021-06-23,POR,FRA,UEFA Euro,A,D,0.1435,0.2284,0.6280,1.0103
2021-06-27,NED,CZE,UEFA Euro,H,A,0.8263,0.1263,0.0474,1.6061
2021-06-27,BEL,POR,UEFA Euro,H,H,0.3628,0.2890,0.3482,0.6108
2021-06-28,CRO,ESP,UEFA Euro,A,A,0.1280,0.2171,0.6550,0.1825
2021-06-28,FRA,SUI,UEFA Euro,H,D,0.7361,0.1780,0.0859,1.2250
2021-06-29,ENG,GER,UEFA Euro,H,H,0.4898,0.2568,0.2533,0.3904
2021-07-02,SUI,ESP,UEFA Euro,A,D,0.2013,0.2599,0.5387,0.8785
2021-07-11,USA,HAI,Gold Cup,H,H,0.9732,0.0221,0.0047,0.0012
2021-07-13,QAT,PAN,Gold Cup,H,D,0.7659,0.1619,0.0723,1.2942
2021-07-15,HAI,CAN,Gold Cup,A,A,0.0373,0.1087,0.8540,0.0345
2021-07-18,USA,CAN,Gold Cup,H,H,0.6133,0.2221,0.1646,0.2260
2021-07-29,MEX,CAN,Gold Cup,H,H,0.6470,0.2205,0.1324,0.1907
2021-07-29,USA,QAT,Gold Cup,H,H,0.4924,0.2563,0.2513,0.3865
2021-08-01,USA,MEX,Gold Cup,H,H,0.3690,0.2699,0.3611,0.6015
2021-09-01,FRA,BIH,FIFA World Cup qualification,H,D,0.9835,0.0139,0.0026,1.9398
2021-09-01,NOR,NED,FIFA World Cup qualification,A,D,0.1279,0.1986,0.6735,1.1123
2021-09-02,KOR,IRQ,FIFA World Cup qualification,H,D,0.6742,0.1983,0.1275,1.1137
2021-09-02,SWE,ESP,FIFA World Cup qualification,A,H,0.0738,0.1484,0.7778,1.4849
2021-09-02,ECU,PAR,FIFA World Cup qualification,H,H,0.6400,0.2122,0.1478,0.1965
2021-09-05,BEL,CZE,FIFA World Cup qualification,H,H,0.8660,0.0971,0.0370,0.0288
2021-09-05,PAR,COL,FIFA World Cup qualification,A,D,0.3520,0.2698,0.3782,0.8002
2021-09-05,USA,CAN,FIFA World Cup qualification,H,D,0.7773,0.1487,0.0740,1.3344
2021-09-06,RSA,GHA,FIFA World Cup qualification,A,H,0.3374,0.2692,0.3934,0.6663
2021-09-07,IRQ,IRN,FIFA World Cup qualification,A,A,0.2505,0.2764,0.4731,0.4168
2021-09-07,AUT,SCO,FIFA World Cup qualification,H,A,0.6626,0.2031,0.1343,1.2298
2021-09-07,NED,TUR,FIFA World Cup qualification,H,H,0.5092,0.2527,0.2382,0.3615
2021-09-08,PAN,MEX,FIFA World Cup qualification,A,D,0.0792,0.1545,0.7663,1.3083
2021-09-09,URU,ECU,FIFA World Cup qualification,H,H,0.4529,0.2633,0.2839,0.4492
2021-10-07,KSA,JPN,FIFA World Cup qualification,A,H,0.1422,0.2085,0.6492,1.2008
2021-10-07,MEX,CAN,FIFA World Cup qualification,H,D,0.7039,0.1852,0.1110,1.1717
2021-10-07,PAR,ARG,FIFA World Cup qualification,A,D,0.0799,0.1553,0.7648,1.3048
2021-10-07,URU,COL,FIFA World Cup qualification,H,D,0.6744,0.1982,0.1274,1.1140
2021-10-07,BEL,FRA,UEFA Nations League,A,A,0.2997,0.2857,0.4146,0.5142
2021-10-08,TUR,NOR,FIFA World Cup qualification,H,D,0.6582,0.2049,0.1369,1.0840
2021-10-10,PAN,USA,FIFA World Cup qualification,A,H,0.0962,0.1719,0.7319,1.3821
2021-10-10,COL,BRA,FIFA World Cup qualification,A,D,0.0447,0.1097,0.8456,1.5098
2021-10-10,ARG,URU,FIFA World Cup qualification,H,H,0.6019,0.2261,0.1720,0.2392
2021-10-10,ESP,FRA,UEFA Nations League,A,A,0.1635,0.2411,0.5954,0.2486
2021-10-12,IRN,KOR,FIFA World Cup qualification,H,D,0.4859,0.2576,0.2565,0.8530
2021-10-12,JPN,AUS,FIFA World Cup qualification,H,H,0.4582,0.2624,0.2794,0.4405
2021-10-13,CAN,PAN,FIFA World Cup qualification,H,H,0.5794,0.2335,0.1870,0.2664
2021-10-14,COL,ECU,FIFA World Cup qualification,H,D,0.3688,0.2699,0.3613,0.7996
2021-10-14,BRA,URU,FIFA World Cup qualification,H,H,0.8536,0.1048,0.0416,0.0341
2021-11-11,AUS,KSA,FIFA World Cup qualification,H,D,0.6040,0.2254,0.1706,0.9939
2021-11-11,BRA,COL,FIFA World Cup qualification,H,H,0.9167,0.0635,0.0197,0.0114
2021-11-12,USA,MEX,FIFA World Cup qualification,H,H,0.4044,0.2685,0.3270,0.5338
2021-11-12,URU,ARG,FIFA World Cup qualification,A,A,0.1873,0.2336,0.5790,0.2669
2021-11-14,GHA,RSA,FIFA World Cup qualification,H,H,0.4474,0.2640,0.2886,0.4584
2021-11-14,ESP,SWE,FIFA World Cup qualification,H,H,0.7370,0.1694,0.0936,0.1066
2021-11-16,IRQ,KOR,FIFA World Cup qualification,A,A,0.1531,0.2348,0.6121,0.2290
2021-11-16,CAN,MEX,FIFA World Cup qualification,H,H,0.3727,0.2699,0.3574,0.5941
2021-11-16,NED,NOR,FIFA World Cup qualification,H,H,0.8144,0.1281,0.0575,0.0542
2021-11-16,COL,PAR,FIFA World Cup qualification,H,D,0.5726,0.2357,0.1917,0.9488
2021-11-16,ARG,BRA,FIFA World Cup qualification,A,D,0.2750,0.2616,0.4634,0.8355
2022-01-27,IRN,IRQ,FIFA World Cup qualification,H,H,0.7679,0.1537,0.0784,0.0836
2022-01-27,ECU,BRA,FIFA World Cup qualification,A,D,0.0795,0.1549,0.7656,1.3066
2022-01-27,PAR,URU,FIFA World Cup qualification,A,A,0.3183,0.2678,0.4139,0.5166
2022-01-30,CAN,USA,FIFA World Cup qualification,A,H,0.3255,0.2684,0.4061,0.6919
2022-02-01,JPN,KSA,FIFA World Cup qualification,H,H,0.6720,0.1992,0.1288,0.1639
2022-02-01,ARG,COL,FIFA World Cup qualification,H,H,0.8454,0.1098,0.0448,0.0380
2022-02-01,BRA,PAR,FIFA World Cup qualification,H,H,0.9693,0.0252,0.0055,0.0016
2022-02-02,MEX,PAN,FIFA World Cup qualification,H,H,0.7097,0.1825,0.1078,0.1292
2022-03-24,MEX,USA,FIFA World Cup qualification,H,D,0.3982,0.2689,0.3329,0.8038
2022-03-24,KOR,IRN,FIFA World Cup qualification,H,H,0.4826,0.2582,0.2592,0.4015
2022-03-24,AUS,JPN,FIFA World Cup qualification,A,A,0.2855,0.2635,0.4509,0.4525
2022-03-24,PAR,ECU,FIFA World Cup qualification,A,H,0.1745,0.2274,0.5981,1.0908
2022-03-24,POR,TUR,FIFA World Cup qualification,H,H,0.7375,0.1692,0.0933,0.1062
2022-03-24,SWE,CZE,FIFA World Cup qualification,H,H,0.4722,0.2601,0.2677,0.4179
2022-03-25,COD,MAR,FIFA World Cup qualification,A,D,0.1692,0.2246,0.6062,0.9974
2022-03-25,EGY,SEN,FIFA World Cup qualification,A,H,0.2932,0.2647,0.4421,0.7652
2022-03-27,USA,PAN,FIFA World Cup qualification,H,H,0.7971,0.1379,0.0650,0.0644
2022-03-29,MAR,COD,FIFA World Cup qualification,H,H,0.7339,0.1710,0.0952,0.1091
2022-03-29,SEN,EGY,FIFA World Cup qualification,H,H,0.4886,0.2571,0.2543,0.3923
2022-03-29,KSA,AUS,FIFA World Cup qualification,H,H,0.3919,0.2693,0.3388,0.5571
2022-03-29,ECU,ARG,FIFA World Cup qualification,A,D,0.1187,0.1915,0.6898,1.1435
2022-03-30,PAN,CAN,FIFA World Cup qualification,A,H,0.1050,0.1800,0.7150,1.3447
2022-06-02,CZE,SUI,UEFA Nations League,A,H,0.1473,0.2118,0.6409,1.1828
2022-06-02,ESP,POR,UEFA Nations League,H,D,0.4074,0.2683,0.3242,0.8065
2022-06-03,CRO,AUT,UEFA Nations League,H,A,0.6464,0.2097,0.1439,1.1946
2022-06-03,BEL,NED,UEFA Nations League,H,A,0.5693,0.2367,0.1940,1.0297
2022-06-05,POR,SUI,UEFA Nations League,H,H,0.6260,0.2175,0.1565,0.2116
2022-06-05,CZE,ESP,UEFA Nations League,A,D,0.1622,0.2208,0.6170,1.0142
2022-06-05,SWE,NOR,UEFA Nations League,H,A,0.6167,0.2209,0.1624,1.1308
2022-06-06,CRO,FRA,UEFA Nations League,A,D,0.0157,0.0542,0.9301,1.7598
2022-06-07,GER,ENG,UEFA Nations League,A,D,0.2877,0.2639,0.4484,0.8257
2022-06-09,CAN,CUW,CONCACAF Nations League,H,H,0.9255,0.0574,0.0171,0.0091
2022-06-09,POR,CZE,UEFA Nations League,H,H,0.8398,0.1132,0.0470,0.0407
2022-06-09,SUI,ESP,UEFA Nations League,A,A,0.2876,0.2639,0.4485,0.4564
2022-06-10,AUT,FRA,UEFA Nations League,A,D,0.0417,0.1050,0.8533,1.5310
2022-06-12,ESP,CZE,UEFA Nations League,H,H,0.8099,0.1307,0.0594,0.0567
2022-06-12,SUI,POR,UEFA Nations League,A,H,0.1341,0.2030,0.6628,1.2303
2022-06-12,NOR,SWE,UEFA Nations League,H,H,0.4451,0.2644,0.2906,0.4623
2022-06-13,FRA,CRO,UEFA Nations League,H,A,0.9457,0.0429,0.0114,1.8737
2022-09-22,FRA,AUT,UEFA Nations League,H,H,0.8430,0.1112,0.0457,0.0391
2022-09-24,CZE,POR,UEFA Nations League,A,A,0.1040,0.1791,0.7169,0.1231
2022-09-24,ESP,SUI,UEFA Nations League,H,A,0.6807,0.1955,0.1238,1.2693
2022-09-25,AUT,CRO,UEFA Nations League,H,A,0.4131,0.2679,0.3190,0.7061
2022-09-25,NED,BEL,UEFA Nations League,H,H,0.6151,0.2215,0.1634,0.2239
2022-09-26,ENG,GER,UEFA Nations League,H,D,0.6129,0.2222,0.1648,1.0077
2022-09-27,POR,ESP,UEFA Nations League,H,A,0.5989,0.2271,0.1740,1.0925
2022-09-27,SUI,CZE,UEFA Nations League,H,H,0.7943,0.1395,0.0662,0.0662
2022-11-20,QAT,ECU,FIFA World Cup,H,A,0.3810,0.2697,0.3493,0.6414
2022-11-21,SEN,NED,FIFA World Cup,A,A,0.0308,0.0962,0.8730,0.0263
2022-11-21,ENG,IRN,FIFA World Cup,H,H,0.7108,0.1909,0.0983,0.1298
2022-11-22,ARG,KSA,FIFA World Cup,H,A,0.8697,0.0984,0.0319,1.7032
2022-11-22,FRA,AUS,FIFA World Cup,H,H,0.9185,0.0645,0.0170,0.0111
2022-11-23,GER,JPN,FIFA World Cup,A,A,0.3109,0.2869,0.4022,0.5364
2022-11-23,MAR,CRO,FIFA World Cup,A,D,0.3134,0.2871,0.3995,0.7660
2022-11-23,BEL,CAN,FIFA World Cup,H,H,0.5808,0.2463,0.1729,0.2663
2022-11-24,URU,KOR,FIFA World Cup,H,D,0.4325,0.2834,0.2841,0.7812
2022-11-24,POR,GHA,FIFA World Cup,H,H,0.8877,0.0862,0.0261,0.0207
2022-11-25,QAT,SEN,FIFA World Cup,H,A,0.4776,0.2592,0.2632,0.8382
2022-11-25,NED,ECU,FIFA World Cup,H,D,0.6846,0.2036,0.1118,1.1154
2022-11-25,ENG,USA,FIFA World Cup,H,D,0.5517,0.2560,0.1923,0.8949
2022-11-26,ARG,MEX,FIFA World Cup,H,H,0.6790,0.2062,0.1148,0.1588
2022-11-26,TUN,AUS,FIFA World Cup,H,A,0.4004,0.2871,0.3126,0.7153
2022-11-27,ESP,GER,FIFA World Cup,H,D,0.6564,0.2164,0.1271,1.0611
2022-11-27,BEL,MAR,FIFA World Cup,H,A,0.5469,0.2575,0.1956,1.0124
2022-11-27,CRO,CAN,FIFA World Cup,H,H,0.4996,0.2705,0.2299,0.3765
2022-11-28,BRA,SUI,FIFA World Cup,H,H,0.6660,0.2122,0.1218,0.1714
2022-11-28,KOR,GHA,FIFA World Cup,H,A,0.6404,0.2233,0.1363,1.2061
2022-11-28,POR,URU,FIFA World Cup,H,H,0.6355,0.2254,0.1391,0.2030
2022-11-29,ECU,SEN,FIFA World Cup,H,A,0.5625,0.2525,0.1850,1.0444
2022-11-29,QAT,NED,FIFA World Cup,A,A,0.0226,0.0698,0.9075,0.0139
2022-11-29,IRN,USA,FIFA World Cup,A,A,0.1375,0.2242,0.6384,0.1999
2022-11-30,KSA,MEX,FIFA World Cup,A,A,0.3473,0.2890,0.3637,0.6090
2022-11-30,TUN,FRA,FIFA World Cup,A,H,0.0112,0.0479,0.9410,1.8655
2022-12-01,JPN,ESP,FIFA World Cup,A,H,0.2452,0.2750,0.4797,0.8755
2022-12-01,CRO,BEL,FIFA World Cup,H,D,0.3839,0.2882,0.3278,0.7615
2022-12-01,CAN,MAR,FIFA World Cup,A,A,0.1329,0.2208,0.6463,0.1916
2022-12-02,GHA,URU,FIFA World Cup,A,A,0.1747,0.2473,0.5779,0.2699
2022-12-02,KOR,POR,FIFA World Cup,A,H,0.0555,0.1389,0.8056,1.5605
2022-12-03,NED,USA,FIFA World Cup,H,H,0.7074,0.1926,0.1000,0.1327
2022-12-03,ARG,AUS,FIFA World Cup,H,H,0.8392,0.1182,0.0426,0.0416
2022-12-04,ENG,SEN,FIFA World Cup,H,H,0.5732,0.2490,0.1779,0.2758
2022-12-05,JPN,CRO,FIFA World Cup,H,D,0.4442,0.2817,0.2741,0.7885
2022-12-05,BRA,KOR,FIFA World Cup,H,H,0.8656,0.1011,0.0333,0.0294
2022-12-06,MAR,ESP,FIFA World Cup,A,D,0.3051,0.2863,0.4086,0.7694
2022-12-06,POR,SUI,FIFA World Cup,H,H,0.4572,0.2795,0.2633,0.4421
2022-12-09,CRO,BRA,FIFA World Cup,A,D,0.0730,0.1628,0.7642,1.2903
2022-12-09,NED,ARG,FIFA World Cup,H,D,0.5120,0.2674,0.2206,0.8475
2022-12-10,MAR,POR,FIFA World Cup,A,H,0.1962,0.2577,0.5460,1.0106
2022-12-10,ENG,FRA,FIFA World Cup,A,A,0.3079,0.2866,0.4055,0.5304
2022-12-13,ARG,CRO,FIFA World Cup,H,H,0.5022,0.2699,0.2280,0.3726
2022-12-14,FRA,MAR,FIFA World Cup,H,H,0.4825,0.2744,0.2430,0.4021
2022-12-17,CRO,MAR,FIFA World Cup,A,H,0.2885,0.2841,0.4273,0.7695
2022-12-18,ARG,FRA,FIFA World Cup,A,D,0.3205,0.2877,0.3917,0.7635
2023-03-24,FRA,NED,UEFA Euro qualification,H,H,0.4201,0.2672,0.3126,0.5054
2023-03-24,SWE,BEL,UEFA Euro qualification,A,A,0.1930,0.2362,0.5708,0.2772
2023-03-25,ESP,NOR,UEFA Euro qualification,H,H,0.7406,0.1677,0.0918,0.1038
2023-03-25,CUW,CAN,CONCACAF Nations League,A,A,0.0836,0.1593,0.7571,0.0914
2023-03-28,SCO,ESP,UEFA Euro qualification,A,H,0.0633,0.1358,0.8009,1.5373
2023-03-28,TUR,CRO,UEFA Euro qualification,A,A,0.2286,0.2497,0.5217,0.3434
2023-06-14,NED,CRO,UEFA Nations League,H,A,0.5866,0.2312,0.1822,1.0665
2023-06-15,PAN,CAN,CONCACAF Nations League,A,A,0.1999,0.2593,0.5408,0.3180
2023-06-15,USA,MEX,CONCACAF Nations League,H,H,0.5454,0.2436,0.2110,0.3105
2023-06-17,NOR,SCO,UEFA Euro qualification,H,A,0.4680,0.2609,0.2712,0.8183
2023-06-17,BEL,AUT,UEFA Euro qualification,H,D,0.8043,0.1339,0.0618,1.4009
2023-06-17,POR,BIH,UEFA Euro qualification,H,H,0.9012,0.0741,0.0247,0.0159
2023-06-18,PAN,MEX,CONCACAF Nations League,A,A,0.1504,0.2330,0.6166,0.2239
2023-06-18,USA,CAN,CONCACAF Nations League,H,H,0.6192,0.2200,0.1608,0.2193
2023-06-18,CRO,ESP,UEFA Nations League,H,D,0.5898,0.2431,0.1671,0.9486
2023-06-20,AUT,SWE,UEFA Euro qualification,H,H,0.5629,0.2386,0.1985,0.2874
2023-06-20,UZB,IRN,CAFA Nations Cup,A,A,0.2421,0.2538,0.5041,0.3690
2023-06-25,HAI,QAT,Gold Cup,A,H,0.0570,0.1412,0.8018,1.5521
2023-06-29,HAI,MEX,Gold Cup,A,A,0.0269,0.0881,0.8850,0.0217
2023-07-02,MEX,QAT,Gold Cup,H,A,0.6838,0.2040,0.1122,1.2973
2023-07-08,PAN,QAT,Gold Cup,A,H,0.2631,0.2794,0.4575,0.8305
2023-07-09,USA,CAN,Gold Cup,H,D,0.7037,0.1853,0.1111,1.1713
2023-07-12,USA,PAN,Gold Cup,H,D,0.8270,0.1208,0.0522,1.4597
2023-07-16,MEX,PAN,Gold Cup,H,H,0.4630,0.2784,0.2586,0.4328
2023-09-07,ARG,ECU,FIFA World Cup qualification,H,H,0.7991,0.1368,0.0641,0.0632
2023-09-12,ECU,URU,FIFA World Cup qualification,H,H,0.4344,0.2657,0.2999,0.4805
2023-09-12,SWE,AUT,UEFA Euro qualification,A,A,0.2412,0.2536,0.5052,0.3673
2023-10-12,COL,URU,FIFA World Cup qualification,A,D,0.3549,0.2698,0.3753,0.7999
2023-10-12,ARG,PAR,FIFA World Cup qualification,H,H,0.9167,0.0636,0.0197,0.0114
2023-10-12,ESP,SCO,UEFA Euro qualification,H,H,0.6648,0.2022,0.1330,0.1709
2023-10-12,CRO,TUR,UEFA Euro qualification,H,A,0.8849,0.0849,0.0302,1.7309
2023-10-13,CUW,PAN,CONCACAF Nations League,A,A,0.1146,0.1882,0.6972,0.1403
2023-10-13,NED,FRA,UEFA Euro qualification,A,A,0.2011,0.2397,0.5593,0.2921
2023-10-13,AUT,BEL,UEFA Euro qualification,A,A,0.2834,0.2632,0.4534,0.4484
2023-10-15,NOR,ESP,UEFA Euro qualification,A,A,0.1264,0.1974,0.6762,0.1598
2023-10-16,BEL,SWE,UEFA Euro qualification,H,D,0.9344,0.0511,0.0145,1.7737
2023-10-16,BIH,POR,UEFA Euro qualification,A,A,0.0492,0.1165,0.8343,0.0435
2023-10-17,ECU,COL,FIFA World Cup qualification,H,D,0.6205,0.2195,0.1600,1.0198
2023-10-17,URU,BRA,FIFA World Cup qualification,A,H,0.0559,0.1260,0.8181,1.5764
2023-11-16,COL,BRA,FIFA World Cup qualification,A,H,0.0738,0.1485,0.7777,1.4847
2023-11-16,ARG,URU,FIFA World Cup qualification,H,A,0.7533,0.1613,0.0855,1.4298
2023-11-19,SCO,NOR,UEFA Euro qualification,H,D,0.5754,0.2348,0.1898,0.9526
2023-11-21,PAR,COL,FIFA World Cup qualification,A,A,0.2984,0.2655,0.4361,0.4776
2023-11-21,BRA,ARG,FIFA World Cup qualification,H,A,0.4803,0.2587,0.2610,0.8438
2023-11-21,UZB,IRN,FIFA World Cup qualification,A,D,0.1609,0.2200,0.6190,1.0174
2023-11-21,JOR,KSA,FIFA World Cup qualification,A,A,0.3206,0.2680,0.4113,0.5212
2024-01-19,IRQ,JPN,AFC Asian Cup,A,H,0.0116,0.0492,0.9392,1.8614
2024-01-20,JOR,KOR,AFC Asian Cup,A,D,0.1061,0.1984,0.6955,1.1375
2024-01-23,AUS,UZB,AFC Asian Cup,H,D,0.6356,0.2253,0.1390,1.0235
2024-01-29,IRQ,JOR,AFC Asian Cup,A,A,0.3315,0.2884,0.3800,0.5775
2024-01-30,KSA,KOR,AFC Asian Cup,A,D,0.3440,0.2889,0.3671,0.7588
2024-02-02,AUS,KOR,AFC Asian Cup,A,A,0.1988,0.2589,0.5423,0.3160
2024-02-03,IRN,JPN,AFC Asian Cup,A,H,0.1010,0.1936,0.7054,1.3433
2024-02-03,QAT,UZB,AFC Asian Cup,H,D,0.5141,0.2515,0.2343,0.8794
2024-02-06,JOR,KOR,AFC Asian Cup,A,H,0.1425,0.2277,0.6298,1.1838
2024-02-07,QAT,IRN,AFC Asian Cup,A,H,0.1661,0.2229,0.6110,1.1184
2024-02-10,QAT,JOR,AFC Asian Cup,A,H,0.2544,0.2571,0.4885,0.8607
2024-03-21,PAN,MEX,CONCACAF Nations League,A,A,0.2161,0.2657,0.5182,0.3495
2024-03-22,EGY,NZL,FIFA Series,H,H,0.3801,0.2697,0.3502,0.5797
2024-03-23,TUN,CRO,FIFA Series,A,D,0.0643,0.1514,0.7843,1.3393
2024-03-24,USA,MEX,CONCACAF Nations League,H,H,0.5340,0.2466,0.2194,0.3262
2024-03-26,ALG,RSA,FIFA Series,H,D,0.5719,0.2359,0.1922,0.9479
2024-03-26,EGY,CRO,FIFA Series,A,A,0.0822,0.1579,0.7599,0.0893
2024-03-26,NZL,TUN,FIFA Series,A,D,0.2572,0.2781,0.4647,0.8033
2024-06-06,SEN,COD,FIFA World Cup qualification,H,D,0.7064,0.1840,0.1096,1.1768
2024-06-11,IRN,UZB,FIFA World Cup qualification,H,D,0.7192,0.1781,0.1028,1.2033
2024-06-11,KSA,JOR,FIFA World Cup qualification,H,A,0.6455,0.2100,0.1445,1.1926
2024-06-14,GER,SCO,UEFA Euro,H,H,0.6108,0.2230,0.1662,0.2288
2024-06-15,ESP,CRO,UEFA Euro,A,H,0.3231,0.2879,0.3890,0.6925
2024-06-17,AUT,FRA,UEFA Euro,A,A,0.0229,0.0789,0.8983,0.0171
2024-06-18,POR,CZE,UEFA Euro,H,H,0.8621,0.1034,0.0345,0.0309
2024-06-19,SCO,SUI,UEFA Euro,A,D,0.1584,0.2380,0.6036,0.9700
2024-06-21,NED,FRA,UEFA Euro,A,D,0.0932,0.1858,0.7210,1.1915
2024-06-22,TUR,POR,UEFA Euro,A,A,0.0735,0.1634,0.7631,0.0882
2024-06-23,GER,SUI,UEFA Euro,H,D,0.4823,0.2583,0.2594,0.8500
2024-06-25,NED,AUT,UEFA Euro,H,A,0.6617,0.2141,0.1242,1.2507
2024-06-26,CZE,TUR,UEFA Euro,A,A,0.2431,0.2744,0.4825,0.4023
2024-07-01,FRA,BEL,UEFA Euro,H,H,0.7265,0.1830,0.0905,0.1165
2024-07-02,AUT,TUR,UEFA Euro,H,A,0.3980,0.2873,0.3148,0.7104
2024-07-05,GER,ESP,UEFA Euro,A,A,0.1986,0.2386,0.5627,0.2876
2024-07-05,POR,FRA,UEFA Euro,A,D,0.2248,0.2688,0.5063,0.8415
2024-07-06,ENG,SUI,UEFA Euro,H,D,0.5023,0.2698,0.2279,0.8374
2024-07-06,NED,TUR,UEFA Euro,H,H,0.4849,0.2739,0.2412,0.3985
2024-07-09,ESP,FRA,UEFA Euro,A,H,0.2026,0.2605,0.5369,0.9918
2024-07-10,NED,ENG,UEFA Euro,A,A,0.3506,0.2890,0.3605,0.6154
2024-07-14,ESP,ENG,UEFA Euro,H,H,0.5465,0.2576,0.1959,0.3104
2024-09-05,POR,CRO,UEFA Nations League,H,H,0.7277,0.1740,0.0984,0.1141
2024-09-06,URU,PAR,FIFA World Cup qualification,H,D,0.8703,0.0944,0.0354,1.5788
2024-09-06,BRA,ECU,FIFA World Cup qualification,H,H,0.6695,0.2003,0.1303,0.1663
2024-09-07,NED,BIH,UEFA Nations League,H,H,0.8592,0.1013,0.0395,0.0317
2024-09-08,POR,SCO,UEFA Nations League,H,H,0.9444,0.0439,0.0117,0.0052
2024-09-08,SUI,ESP,UEFA Nations League,A,A,0.1057,0.1807,0.7136,0.1258
2024-09-09,FRA,BEL,UEFA Nations League,H,H,0.7895,0.1421,0.0684,0.0692
2024-09-09,NOR,AUT,UEFA Nations League,A,H,0.2948,0.2650,0.4402,0.7612
2024-09-10,NED,GER,UEFA Nations League,H,D,0.6003,0.2266,0.1730,0.9884
2024-09-10,COL,ARG,FIFA World Cup qualification,A,H,0.1704,0.2253,0.6043,1.1042
2024-09-10,PAR,BRA,FIFA World Cup qualification,A,H,0.0945,0.1703,0.7352,1.3896
2024-10-10,ECU,PAR,FIFA World Cup qualification,H,D,0.5398,0.2451,0.2151,0.9075
2024-10-10,UZB,IRN,FIFA World Cup qualification,A,D,0.2485,0.2556,0.4959,0.8619
2024-10-10,JOR,KOR,FIFA World Cup qualification,H,A,0.4007,0.2688,0.3305,0.6810
2024-10-10,KSA,JPN,FIFA World Cup qualification,A,A,0.2365,0.2522,0.5113,0.3584
2024-10-11,BIH,GER,UEFA Nations League,A,A,0.1276,0.1984,0.6740,0.1619
2024-10-12,CRO,SCO,UEFA Nations League,H,H,0.7533,0.1613,0.0855,0.0942
2024-10-13,AUT,NOR,UEFA Nations League,H,H,0.4870,0.2574,0.2556,0.3948
2024-10-14,BEL,FRA,UEFA Nations League,A,A,0.1103,0.1846,0.7051,0.1332
2024-10-14,GER,NED,UEFA Nations League,H,H,0.3850,0.2696,0.3455,0.5703
2024-10-15,SCO,POR,UEFA Nations League,A,D,0.0265,0.0778,0.8957,1.6533
2024-10-15,URU,ECU,FIFA World Cup qualification,H,D,0.6831,0.1944,0.1224,1.1306
2024-10-15,IRN,QAT,FIFA World Cup qualification,H,H,0.4090,0.2863,0.3047,0.5241
2024-10-15,KOR,IRQ,FIFA World Cup qualification,H,H,0.8252,0.1219,0.0529,0.0482
2024-10-15,JPN,AUS,FIFA World Cup qualification,H,D,0.8488,0.1077,0.0435,1.5185
2024-11-14,PAR,ARG,FIFA World Cup qualification,A,H,0.1350,0.2037,0.6613,1.2270
2024-11-14,QAT,UZB,FIFA World Cup qualification,H,H,0.4978,0.2552,0.2470,0.3783
2024-11-14,IRQ,JOR,FIFA World Cup qualification,A,D,0.2790,0.2624,0.4586,0.8322
2024-11-14,AUS,KSA,FIFA World Cup qualification,H,D,0.4305,0.2662,0.3033,0.8159
2024-11-15,SCO,CRO,UEFA Nations League,A,H,0.1642,0.2219,0.6139,1.1246
2024-11-15,URU,COL,FIFA World Cup qualification,H,H,0.5032,0.2540,0.2428,0.3703
2024-11-16,GER,BIH,UEFA Nations League,H,H,0.8909,0.0810,0.0281,0.0193
2024-11-18,CRO,POR,UEFA Nations League,A,D,0.1451,0.2104,0.6444,1.0598
2024-11-18,ESP,SUI,UEFA Nations League,H,H,0.9142,0.0653,0.0205,0.0121
2024-11-19,BIH,NED,UEFA Nations League,A,D,0.0716,0.1459,0.7825,1.3469
2024-11-19,COL,ECU,FIFA World Cup qualification,H,A,0.5202,0.2501,0.2297,0.9265
2024-11-19,BRA,URU,FIFA World Cup qualification,H,D,0.4194,0.2673,0.3133,0.8109
2025-03-20,CAN,MEX,CONCACAF Nations League,A,A,0.3475,0.2890,0.3636,0.6093
2025-03-20,USA,PAN,CONCACAF Nations League,H,A,0.8626,0.0992,0.0382,1.6790
2025-03-20,CRO,FRA,UEFA Nations League,A,H,0.0864,0.1622,0.7514,1.4256
2025-03-20,NED,ESP,UEFA Nations League,A,D,0.0690,0.1428,0.7882,1.3609
2025-03-20,BRA,COL,FIFA World Cup qualification,H,H,0.6235,0.2184,0.1581,0.2144
2025-03-21,URU,ARG,FIFA World Cup qualification,H,A,0.4499,0.2637,0.2864,0.7812
2025-03-23,USA,CAN,CONCACAF Nations League,H,A,0.6335,0.2147,0.1518,1.1668
2025-03-23,PAN,MEX,CONCACAF Nations League,A,A,0.1604,0.2392,0.6004,0.2426
2025-03-23,FRA,CRO,UEFA Nations League,H,H,0.6724,0.1990,0.1285,0.1634
2025-03-23,ESP,NED,UEFA Nations League,H,D,0.8611,0.1001,0.0388,1.5527
2025-03-25,COL,PAR,FIFA World Cup qualification,H,D,0.4166,0.2676,0.3158,0.8098
2025-03-25,ARG,BRA,FIFA World Cup qualification,H,H,0.5341,0.2466,0.2193,0.3260
2025-03-25,IRN,UZB,FIFA World Cup qualification,H,D,0.7691,0.1531,0.0778,1.3149
2025-03-25,KOR,JOR,FIFA World Cup qualification,H,D,0.7111,0.1818,0.1071,1.1866
2025-03-25,JPN,KSA,FIFA World Cup qualification,H,D,0.7652,0.1551,0.0797,1.3058
2025-06-04,GER,POR,UEFA Nations League,A,A,0.1999,0.2392,0.5609,0.2900
2025-06-05,ESP,FRA,UEFA Nations League,H,H,0.3775,0.2885,0.3340,0.5823
2025-06-05,ECU,BRA,FIFA World Cup qualification,H,D,0.3813,0.2697,0.3490,0.8006
2025-06-05,PAR,URU,FIFA World Cup qualification,A,H,0.3036,0.2662,0.4302,0.7409
2025-06-05,QAT,IRN,FIFA World Cup qualification,A,H,0.2818,0.2629,0.4553,0.7922
2025-06-05,IRQ,KOR,FIFA World Cup qualification,A,A,0.1143,0.1879,0.6978,0.1397
2025-06-05,AUS,JPN,FIFA World Cup qualification,A,H,0.1563,0.2174,0.6263,1.1514
2025-06-08,GER,FRA,UEFA Nations League,A,A,0.1616,0.2204,0.6180,0.2206
2025-06-08,POR,ESP,UEFA Nations League,A,D,0.2783,0.2825,0.4392,0.7853
2025-06-09,CRO,CZE,FIFA World Cup qualification,H,H,0.8573,0.1025,0.0402,0.0325
2025-06-10,ARG,COL,FIFA World Cup qualification,H,D,0.8192,0.1254,0.0555,1.4391
2025-06-10,BRA,PAR,FIFA World Cup qualification,H,H,0.5091,0.2527,0.2382,0.3615
2025-06-10,UZB,QAT,FIFA World Cup qualification,A,H,0.3000,0.2657,0.4343,0.7493
2025-06-10,JOR,IRQ,FIFA World Cup qualification,H,A,0.7120,0.1814,0.1066,1.3379
2025-06-10,KSA,AUS,FIFA World Cup qualification,H,A,0.4521,0.2634,0.2846,0.7856
2025-06-10,HAI,CUW,FIFA World Cup qualification,H,A,0.3811,0.2884,0.3306,0.6765
2025-06-15,HAI,KSA,Gold Cup,A,A,0.0383,0.1106,0.8511,0.0359
2025-06-19,USA,KSA,Gold Cup,H,H,0.6393,0.2125,0.1483,0.1973
2025-06-21,CUW,CAN,Gold Cup,A,D,0.0381,0.1102,0.8517,1.5186
2025-06-22,USA,HAI,Gold Cup,H,H,0.9837,0.0138,0.0025,0.0005
2025-06-28,MEX,KSA,Gold Cup,H,H,0.6794,0.2061,0.1146,0.1584
2025-07-06,USA,MEX,Gold Cup,A,A,0.3142,0.2674,0.4184,0.5085
2025-09-04,PAR,ECU,FIFA World Cup qualification,H,D,0.4231,0.2669,0.3100,0.8125
2025-09-07,TUR,ESP,FIFA World Cup qualification,A,A,0.0453,0.1106,0.8441,0.0386
2025-09-09,ECU,ARG,FIFA World Cup qualification,A,H,0.2319,0.2508,0.5173,0.9205
2025-09-09,COD,SEN,FIFA World Cup qualification,A,A,0.2588,0.2581,0.4831,0.4008
2025-09-09,BIH,AUT,FIFA World Cup qualification,A,A,0.1506,0.2139,0.6355,0.2013
2025-10-09,CZE,CRO,FIFA World Cup qualification,A,D,0.0699,0.1439,0.7863,1.3561
2025-10-10,SWE,SUI,FIFA World Cup qualification,A,A,0.1518,0.2146,0.6336,0.2033
2025-10-14,KSA,IRQ,FIFA World Cup qualification,H,D,0.5530,0.2415,0.2055,0.9235
2025-11-15,SUI,SWE,FIFA World Cup qualification,H,H,0.8708,0.0940,0.0352,0.0268
2025-11-18,ESP,TUR,FIFA World Cup qualification,H,D,0.9635,0.0296,0.0069,1.8701
2025-11-18,AUT,BIH,FIFA World Cup qualification,H,D,0.8432,0.1111,0.0457,1.5032
2026-03-31,AUS,CUW,FIFA Series,H,H,0.8616,0.0998,0.0386,0.0306